old_path,target,status,observed_http_status,source
/administracion-doctorado.html,/posgrados/doctorado-administracion/,301,200,https://santanderlive.uad.mx/ | https://santanderlive.uad.mx/sitemap.xml
/administracion-y-gestion-empresarial.html,/licenciaturas/administracion-y-gestion-empresarial/,301,200,https://santanderlive.uad.mx/ | https://santanderlive.uad.mx/sitemap.xml
/alta-direccion-y-gerenciamiento-empresarial-maestrias.html,/posgrados/maestria-alta-direccion-y-gerenciamiento-empresarial/,301,200,https://santanderlive.uad.mx/ | https://santanderlive.uad.mx/sitemap.xml
/amparo-maestrias.html,/posgrados/maestria-amparo/,301,200,https://santanderlive.uad.mx/ | https://santanderlive.uad.mx/sitemap.xml
/arquitectura.html,/licenciaturas/arquitectura/,301,200,https://santanderlive.uad.mx/ | https://santanderlive.uad.mx/sitemap.xml
/aviso-de-confidencialidad.html,/politica-de-privacidad/,301,200,https://santanderlive.uad.mx/contacto.html | https://santanderlive.uad.mx/sitemap.xml
/ciencias-y-tecnicas-de-la-comunicacion.html,/licenciaturas/ciencias-y-tecnicas-de-la-comunicacion/,301,200,https://santanderlive.uad.mx/ | https://santanderlive.uad.mx/sitemap.xml
/contacto.html,/#contacto,301,200,https://santanderlive.uad.mx/ | https://santanderlive.uad.mx/aviso-de-confidencialidad.html | https://santanderlive.uad.mx/nosotros.html | https://santanderlive.uad.mx/sitemap.xml
/contador-publico-auditor.html,/licenciaturas/contador-publico-auditor/,301,200,https://santanderlive.uad.mx/ | https://santanderlive.uad.mx/sitemap.xml
/criminologia.html,/licenciaturas/criminologia/,301,200,https://santanderlive.uad.mx/ | https://santanderlive.uad.mx/sitemap.xml
/derecho-constitucional-penal-y-amparo-doctorado.html,/posgrados/doctorado-derecho-constitucional-penal-y-amparo/,301,200,https://santanderlive.uad.mx/ | https://santanderlive.uad.mx/sitemap.xml
/derecho-fiscal-maestrias.html,/posgrados/maestria-derecho-fiscal/,301,200,https://santanderlive.uad.mx/ | https://santanderlive.uad.mx/sitemap.xml
/derecho.html,/licenciaturas/derecho/,301,200,https://santanderlive.uad.mx/ | https://santanderlive.uad.mx/sitemap.xml
/diseno-multimedia.html,/licenciaturas/diseno-multimedia/,301,200,https://santanderlive.uad.mx/ | https://santanderlive.uad.mx/sitemap.xml
/educacion-doctorado.html,/posgrados/doctorado-educacion/,301,200,https://santanderlive.uad.mx/ | https://santanderlive.uad.mx/sitemap.xml
/educacion-maestrias.html,/posgrados/maestria-educacion/,301,200,https://santanderlive.uad.mx/ | https://santanderlive.uad.mx/sitemap.xml
/finanzas-maestrias.html,/posgrados/maestria-finanzas/,301,200,https://santanderlive.uad.mx/ | https://santanderlive.uad.mx/sitemap.xml
/fisioterapia.html,/licenciaturas/fisioterapia/,301,200,https://santanderlive.uad.mx/ | https://santanderlive.uad.mx/sitemap.xml
/impuestos-maestrias.html,/posgrados/maestria-impuestos/,301,200,https://santanderlive.uad.mx/ | https://santanderlive.uad.mx/sitemap.xml
/index.html,/,301,200,https://santanderlive.uad.mx/ | https://santanderlive.uad.mx/aviso-de-confidencialidad.html | https://santanderlive.uad.mx/contacto.html | https://santanderlive.uad.mx/nosotros.html | https://santanderlive.uad.mx/phone/ | https://santanderlive.uad.mx/sitemap.xml
/juicios-orales-maestrias.html,/posgrados/maestria-juicios-orales/,301,200,https://santanderlive.uad.mx/ | https://santanderlive.uad.mx/sitemap.xml
/materia-fiscal-doctorado.html,/posgrados/doctorado-materia-fiscal/,301,200,https://santanderlive.uad.mx/ | https://santanderlive.uad.mx/sitemap.xml
/nosotros.html,/nosotros/,301,200,https://santanderlive.uad.mx/ | https://santanderlive.uad.mx/aviso-de-confidencialidad.html | https://santanderlive.uad.mx/nosotros.html | https://santanderlive.uad.mx/sitemap.xml
/nutricion-clinica-maestrias.html,/posgrados/maestria-nutricion-clinica/,301,200,https://santanderlive.uad.mx/ | https://santanderlive.uad.mx/sitemap.xml
/nutricion-deportiva-maestrias.html,/posgrados/maestria-nutricion-en-el-deporte/,301,200,https://santanderlive.uad.mx/ | https://santanderlive.uad.mx/sitemap.xml
/nutricion.html,/licenciaturas/nutricion/,301,200,https://santanderlive.uad.mx/ | https://santanderlive.uad.mx/sitemap.xml
/phone,/,301,200,https://santanderlive.uad.mx/phone/
/phone/,/,301,200,https://santanderlive.uad.mx/phone/
/phone/administracion-doctorado.html,/posgrados/doctorado-administracion/,301,200,https://santanderlive.uad.mx/phone/ | https://santanderlive.uad.mx/sitemap.xml
/phone/administracion-y-gestion-empresarial.html,/licenciaturas/administracion-y-gestion-empresarial/,301,200,https://santanderlive.uad.mx/phone/ | https://santanderlive.uad.mx/sitemap.xml
/phone/alta-direccion-y-gerenciamiento-empresarial-maestrias.html,/posgrados/maestria-alta-direccion-y-gerenciamiento-empresarial/,301,200,https://santanderlive.uad.mx/phone/ | https://santanderlive.uad.mx/sitemap.xml
/phone/amparo-maestria.html,/posgrados/maestria-amparo/,301,200,https://santanderlive.uad.mx/phone/ | https://santanderlive.uad.mx/sitemap.xml
/phone/arquitectura.html,/licenciaturas/arquitectura/,301,200,https://santanderlive.uad.mx/phone/ | https://santanderlive.uad.mx/sitemap.xml
/phone/aviso-de-confidencialidad.html,/politica-de-privacidad/,301,200,https://santanderlive.uad.mx/aviso-de-confidencialidad.html | https://santanderlive.uad.mx/sitemap.xml
/phone/ciencias-y-tecnicas-de-la-comunicacion.html,/licenciaturas/ciencias-y-tecnicas-de-la-comunicacion/,301,200,https://santanderlive.uad.mx/phone/ | https://santanderlive.uad.mx/sitemap.xml
/phone/contacto.html,/#contacto,301,200,https://santanderlive.uad.mx/contacto.html | https://santanderlive.uad.mx/phone/ | https://santanderlive.uad.mx/sitemap.xml
/phone/contador-publico-auditor.html,/licenciaturas/contador-publico-auditor/,301,200,https://santanderlive.uad.mx/phone/ | https://santanderlive.uad.mx/sitemap.xml
/phone/criminologia.html,/licenciaturas/criminologia/,301,200,https://santanderlive.uad.mx/phone/ | https://santanderlive.uad.mx/sitemap.xml
/phone/derecho-constitucional-pena-y-amparo-doctorado.html,/posgrados/doctorado-derecho-constitucional-penal-y-amparo/,301,200,https://santanderlive.uad.mx/phone/ | https://santanderlive.uad.mx/sitemap.xml
/phone/derecho-fiscal-maestrias.html,/posgrados/maestria-derecho-fiscal/,301,200,https://santanderlive.uad.mx/phone/ | https://santanderlive.uad.mx/sitemap.xml
/phone/derecho.html,/licenciaturas/derecho/,301,200,https://santanderlive.uad.mx/phone/ | https://santanderlive.uad.mx/sitemap.xml
/phone/diseno-multimedia.html,/licenciaturas/diseno-multimedia/,301,200,https://santanderlive.uad.mx/phone/ | https://santanderlive.uad.mx/sitemap.xml
/phone/educacion-doctorado.html,/posgrados/doctorado-educacion/,301,200,https://santanderlive.uad.mx/phone/ | https://santanderlive.uad.mx/sitemap.xml
/phone/educacion-maestrias.html,/posgrados/maestria-educacion/,301,200,https://santanderlive.uad.mx/phone/ | https://santanderlive.uad.mx/sitemap.xml
/phone/finanzas-maestrias.html,/posgrados/maestria-finanzas/,301,200,https://santanderlive.uad.mx/phone/ | https://santanderlive.uad.mx/sitemap.xml
/phone/fisioterapia.html,/licenciaturas/fisioterapia/,301,200,https://santanderlive.uad.mx/phone/ | https://santanderlive.uad.mx/sitemap.xml
/phone/impuestos-maestrias.html,/posgrados/maestria-impuestos/,301,200,https://santanderlive.uad.mx/phone/ | https://santanderlive.uad.mx/sitemap.xml
/phone/index.html,/,301,200,https://santanderlive.uad.mx/ | https://santanderlive.uad.mx/phone/ | https://santanderlive.uad.mx/sitemap.xml
/phone/juicios-orales-maestria.html,/posgrados/maestria-juicios-orales/,301,200,https://santanderlive.uad.mx/phone/ | https://santanderlive.uad.mx/sitemap.xml
/phone/materia-fiscal-doctorado.html,/posgrados/doctorado-materia-fiscal/,301,200,https://santanderlive.uad.mx/phone/ | https://santanderlive.uad.mx/sitemap.xml
/phone/nosotros.html,/nosotros/,301,200,https://santanderlive.uad.mx/nosotros.html | https://santanderlive.uad.mx/phone/ | https://santanderlive.uad.mx/sitemap.xml
/phone/nutricion-clinica-maestria.html,/posgrados/maestria-nutricion-clinica/,301,200,https://santanderlive.uad.mx/phone/ | https://santanderlive.uad.mx/sitemap.xml
/phone/nutricion-deportiva-maestrias.html,/posgrados/maestria-nutricion-en-el-deporte/,301,200,https://santanderlive.uad.mx/phone/ | https://santanderlive.uad.mx/sitemap.xml
/phone/nutricion.html,/licenciaturas/nutricion/,301,200,https://santanderlive.uad.mx/phone/ | https://santanderlive.uad.mx/sitemap.xml
/phone/preguntas-frecuentes.html,,410,200,https://santanderlive.uad.mx/sitemap.xml
/phone/psicologia.html,/licenciaturas/psicologia/,301,200,https://santanderlive.uad.mx/phone/ | https://santanderlive.uad.mx/sitemap.xml
/phone/valuacion-inmobiliaria-doctorado.html,,410,200,https://santanderlive.uad.mx/sitemap.xml
/phone/valuacion-inmobiliaria-maestria.html,/posgrados/maestria-valuacion-inmobiliaria/,301,200,https://santanderlive.uad.mx/phone/ | https://santanderlive.uad.mx/sitemap.xml
/preguntas-frecuentes.html,,410,200,https://santanderlive.uad.mx/sitemap.xml
/psicologia.html,/licenciaturas/psicologia/,301,200,https://santanderlive.uad.mx/ | https://santanderlive.uad.mx/sitemap.xml
/valuacion-inmobiliaria-doctorado.html,,410,200,https://santanderlive.uad.mx/sitemap.xml
/valuacion-inmobiliaria-maestrias.html,/posgrados/maestria-valuacion-inmobiliaria/,301,200,https://santanderlive.uad.mx/ | https://santanderlive.uad.mx/sitemap.xml
